200	VGhlIA==	VGhlICBhc25oIHJyZXMgcmFvcj5hYeKAnHXorZggZ3N1diDhvbh0aXJsLm1ubuitmM67YSA=
200	T25jZSB1cG9uIGEgdGltZQ==	T25jZSB1cG9uIGEgdGltZSBhc25oIHJyZXMgcmFvcj5hYeKAnHXorZggZ3N1diDigJx0aXJsLm1ubuKAnXxhIA==
200	SGUgd2Fsa2VkIGludG8=	SGUgd2Fsa2VkIGludG8gYXNuaCBycmRzIHJhb3I+YWHigJx16K2YIGdzdXYg4oCcdGlybC5tbm7orZjOu2Eg
400	VGhlIA==	VGhlICBhcmxlIG9vZHMgcmFubyBhYXl0fCBlcnR0IHlzaXBpIGlsbHx1YSA=
400	T25jZSB1cG9uIGEgdGltZQ==	T25jZSB1cG9uIGEgdGltZSBhcmxlIG9vZHMgcmFubyBhYXl0fCBlc3R0IHlzaHFpIGlsbHx1YSA=
400	SGUgd2Fsa2VkIGludG8=	SGUgd2Fsa2VkIGludG8gYXJrZSBvb2RzIHJhbm8gYWF5dHwgZXN0dCB5c2hyaSBpa2x8dWEg
600	VGhlIA==	VGhlICBhcmllIG9vZHMgcj5ubyBJQXl0fCBlc3R0IHlzaHBpIGlpbHx1YSA=
600	T25jZSB1cG9uIGEgdGltZQ==	T25jZSB1cG9uIGEgdGltZSBhcmllIG9vZHMgcjtubyA+Pnl0fCBlc3R0IHlzaHBpIGlpbHx1YSA=
600	SGUgd2Fsa2VkIGludG8=	SGUgd2Fsa2VkIGludG8gYXJpZSBvb2RzIHI8bm8gPyx5dHwgZXN0dCB5c2hwaSBpaWx8dWEg
1000	VGhlIA==	VGhlICBhcmxmIHBvZHMgclRubyBhYXl04oCUIGVzdHQgeXNpcmkgaWxtfHVhIA==
1000	T25jZSB1cG9uIGEgdGltZQ==	T25jZSB1cG9uIGEgdGltZSBhcmxmIHBvZHMgclRubyBhYXl04oCUIGVzdHQgeXNpcmkgaWxtfHVhIA==
1000	SGUgd2Fsa2VkIGludG8=	SGUgd2Fsa2VkIGludG8gYXJsZiBwb2RzIHJUbm8gYWF5dOKAlCBlc3R0IHlzaXJpIGlsbHx1YSA=
1200	VGhlIA==	VGhlICBhcmxlIHBvZHMgcmFubyBhYXl04oCUS8+G4b+mdHQgeXNpcmkgaWxtfHVhIA==
1200	T25jZSB1cG9uIGEgdGltZQ==	T25jZSB1cG9uIGEgdGltZSBhcmxmIHBvZHMgcmFubyBhYXl04oCUS2VzdHQgeXNpcmkgaeG8gGx8dWEg
1200	SGUgd2Fsa2VkIGludG8=	SGUgd2Fsa2VkIGludG8gYXJsZiBwb2RzIHJhbm8sYWF5dOKAlCBlc3R0IHlzaXJpIGlsbOepuuiAhWEg
1400	VGhlIA==	VGhlICBhcmxlIHBvZHMgcmFubyBhYXl04oCUIGVzdHQgeXNocmkgaWxsfHVhIA==
1400	T25jZSB1cG9uIGEgdGltZQ==	T25jZSB1cG9uIGEgdGltZSBhcmxlIHBvZHMgcmFubyBhYXl04oCUIGVzdHQgeXNocmkgaWxsfHVhIA==
1400	SGUgd2Fsa2VkIGludG8=	SGUgd2Fsa2VkIGludG8gYXJsZSBwb2RzIHJhbm8gYWF5dOKAlCBlc3R0IHlzaHJpIGlsbHx1YSA=
800	VGhlIA==	VGhlICBhcmxlIHBvZHMgcj5ubyBhWXl0fCBlc3R0IHlzaHJpIGlsbHx1YSA=
800	T25jZSB1cG9uIGEgdGltZQ==	T25jZSB1cG9uIGEgdGltZSBhcmxlIHBvZHMgci5ubyBhVHl0fCBlc3R0IHlzaHJpIGlsbHx1YSA=
800	SGUgd2Fsa2VkIGludG8=	SGUgd2Fsa2VkIGludG8gYXJsZSBwb2RzIHIubm8gYS55dHwgZXN0dCB5c2hyaSBpbGx8dWEg
1600	VGhlIA==	VGhlICBhcmxlIHBvZHMgcmFvbyBhYXl04oCUIGVzdHQgeXNocmkgaWxsfHVhIA==
1600	T25jZSB1cG9uIGEgdGltZQ==	T25jZSB1cG9uIGEgdGltZSBhcmxlIHBvZHMgcmFvbyBhYXl04oCUIGVzdHQgeXNocmkgaWxsfHVhIA==
1600	SGUgd2Fsa2VkIGludG8=	SGUgd2Fsa2VkIGludG8gYXJsZSBwb2RzIHJhb28gYWF5dOKAlCBlc3R0IHlzaHJpIGlsbHx1YSA=
1800	VGhlIA==	VGhlICBhcmxmIHBvZHMgcj5vbyBZPnl04oCUIGVzdHQgeXNpcmkgaWxtfHVhIA==
1800	T25jZSB1cG9uIGEgdGltZQ==	T25jZSB1cG9uIGEgdGltZSBhcmxmIHBvZHMgcj5vbyBJPHl04oCUIGVzdHQgeXNpcmkgaWxtfHVhIA==
1800	SGUgd2Fsa2VkIGludG8=	SGUgd2Fsa2VkIGludG8gYXJsZiBwb2RzIHI8bm8gYTx5dOKAlCBlc3R0IHlzaXJpIGlsbXx1YSA=
2000	VGhlIA==	VGhlICBhcmxlIHBvZHMgcmFubyBhYXl04oCUIGVzdHQgeXNpcmkgaWxsfHVhIA==
2000	T25jZSB1cG9uIGEgdGltZQ==	T25jZSB1cG9uIGEgdGltZSBhcmxlIHBvZHMgcmFubyBhYXl04oCUIGVzdHQgeXNpcmkgaWxsfHVhIA==
2000	SGUgd2Fsa2VkIGludG8=	SGUgd2Fsa2VkIGludG8gYXJsZSBwb2RzIHJhbm8gYWF5dOKAlCBlc3R0IHlzaXJpIGlsbHx1YSA=
2200	VGhlIA==	VGhlICBhcmxlIHBvZHMgcmFvbyBhYXl04oCUIGVzdHQgeXRocmkgaWxsfHVhIA==
2200	T25jZSB1cG9uIGEgdGltZQ==	T25jZSB1cG9uIGEgdGltZSBhcmxlIHBvZHMgcmFvbyBhYXl04oCUIGVzdHQgeXRocmkgaWxsfHVhIA==
2200	SGUgd2Fsa2VkIGludG8=	SGUgd2Fsa2VkIGludG8gYXJsZSBwb2RzIHJhb28gYWF5dOKAlCBlc3R0IHlzaHJpIGlsbHx1YSA=
2400	VGhlIA==	VGhlICBhc2xlIHJvZHMgcmFvcCBhYXl04oCUIGVzdHQgeXRocmkgaWxsfHVhIA==
2400	T25jZSB1cG9uIGEgdGltZQ==	T25jZSB1cG9uIGEgdGltZSBhc2xlIHJwZHMgcmFvcCBhYXl04oCUIGVzdHQgeXRocmkgaWxsfHVhIA==
2400	SGUgd2Fsa2VkIGludG8=	SGUgd2Fsa2VkIGludG8gYXNsZSByb2RzIHJhb3AgYWF5dOKAlCBlc3R0IHl0aHJpIGlsbHx1YSA=
2600	VGhlIA==	VGhlICBhc21mIHJzzrfigJPDoOG8kEThvYDhvr3Egc62xavogIV04oCUw6HPjXR05ZG9IHl1aXJpIGls4bypw7x2YSA=
2600	T25jZSB1cG9uIGEgdGltZQ==	T25jZSB1cG9uIGEgdGltZSBhc2xnIHJvZHMgcmFvbyDOrD98dOKAlChlc3Z3IOiAheG8sWVyaSDhvITYp+G8kHx1YSA=
2600	SGUgd2Fsa2VkIGludG8=	SGUgd2Fsa2VkIGludG8gYXNsZiByb2RzIHJhb3A/YWF5dOKAlCBlc3R0IHlzeHVpIGls4byE55CG55CGRCA=
2800	VGhlIA==	VGhlICBhc2xlIHJvZHMgcmFvcCBhYXl04oCULGVzdHQgeXRocmkgaWxnfHVhIA==
2800	T25jZSB1cG9uIGEgdGltZQ==	T25jZSB1cG9uIGEgdGltZSBhc2xmIHJvZHMgcmFvbyBhVHl04oCUIGVzdHQgeXRpcmkgaWxtfHVhIA==
2800	SGUgd2Fsa2VkIGludG8=	SGUgd2Fsa2VkIGludG8gYXNsZiByb2RzIHJhbnAgYWF5dOKAlCBlc3R0IHl0aXJpIGlsbXx1YSA=
3000	VGhlIA==	VGhlICxhc21mIHBxzrp0IHJS4b694b+GQUFZfHTigJRBZHN155CGLHzhvr1mcmxBaWzhvLF8eWEg
3000	T25jZSB1cG9uIGEgdGltZQ==	T25jZSB1cG9uIGEgdGltZSBhc2xmIHNvZHQgc2Fvb0FERHx24oCZIGV0d3UsfHh6cmk/4byQ4byAbOKAmXlJIA==
3000	SGUgd2Fsa2VkIGludG8=	SGUgd2Fsa2VkIGludG8gYXNsZSByb2RzIOG/lldwb0FhYXl24oCZIGVzdHgt55CGdmZyaSBpbWzpgZN6YSA=
3200	VGhlIA==	VGhlICBhc2xmIHJwZHMgcmFvcCBhYXl04oCUIGVzdHQgeXRpcmkgaWxsfHVhIA==
3200	T25jZSB1cG9uIGEgdGltZQ==	T25jZSB1cG9uIGEgdGltZSBhc2xmIHJwZHMgcmFvcCBhYXl04oCUIGVzdHQgeXRpcmkgaWxtfHVhIA==
3200	SGUgd2Fsa2VkIGludG8=	SGUgd2Fsa2VkIGludG8gYXNsZiBycGRzIHJhb3AgYWF5dOKAlCBlc3R0IHl0aXJpIGlsbXx1YSA=
3400	VGhlIA==	VGhlICBhcm5mIG9vZHQgcmFvcklhYXl04oCUIGZzdHgg4oCUdWlybEFsbm58eWEg
3400	T25jZSB1cG9uIGEgdGltZQ==	T25jZSB1cG9uIGEgdGltZSBhcmxlIHBvZHMgcmFubyBhYXl04oCUIGVzdHQgeXNocGkg4byQbW58dWEg
3400	SGUgd2Fsa2VkIGludG8=	SGUgd2Fsa2VkIGludG8gYXJsZSBwb2RzIHJhbm8uYV95dOKAlCBlc3R0IHlzaHJpIGlsbXx1YSA=
3600	VGhlIA==	VGhlICBhc2xmIHBvZHMgcmFvbyBhYXl04oCUIGVzdHQgeXRocmkgaWxsfHVhIA==
3600	T25jZSB1cG9uIGEgdGltZQ==	T25jZSB1cG9uIGEgdGltZSBhc2xmIHJvZHMgcmFvbyBhYXl04oCUIGVzdHQgeXNpcmkgaWxtfHVhIA==
3600	SGUgd2Fsa2VkIGludG8=	SGUgd2Fsa2VkIGludG8gYXNsZSByb2RzIHJhbm8sYWF5dOKAlCBlc3R0IHl0aXJpIGlsbHx1YSA=
3800	VGhlIA==	VGhlICBhc2xmIHBvZHMgcmFvcCBhYXl04oCUIGVzdHQgeXRocmkgaWxsfHVhIA==
3800	T25jZSB1cG9uIGEgdGltZQ==	T25jZSB1cG9uIGEgdGltZSBhc2xmIHJvZHMgcmFvbyBhYXl04oCUIGVzdHQgeXRpcmkgaWxsfHVhIA==
3800	SGUgd2Fsa2VkIGludG8=	SGUgd2Fsa2VkIGludG8gYXNsZiByb2RzIHJhbnAgYUl5dOKAlCBlc3R0IHl0aXJpIGlsbHx1YSA=
4000	VGhlIA==	VGhlICBhcmxmIHBvZHMgcmFvbyBhYXl04oCUIGVzdHQgeXNocmkgaWxsfHVhIA==
4000	T25jZSB1cG9uIGEgdGltZQ==	T25jZSB1cG9uIGEgdGltZSBhcmxmIHJvZHMgcmFvbyBhX3l04oCUIGVzdHQgeXNpcmkgaWxufHVhIA==
4000	SGUgd2Fsa2VkIGludG8=	SGUgd2Fsa2VkIGludG8gYXJsZSByb2RzIHJhbnAgYWF5dOKAlCBlc3R0IHl0aHJpIGlsbXx1YSA=
4200	VGhlIA==	VGhlICBhc2xlIHBvZHMgcmFvbyBhYXl04oCUIGVzdHQgeXNocmkgaWzhvIB8dWEg
4200	T25jZSB1cG9uIGEgdGltZQ==	T25jZSB1cG9uIGEgdGltZSBhc2xlIHJvZHMgcmFvbyBhVHl04oCUIGVzdHQgeXNpcmkgaWxxfHVhIA==
4200	SGUgd2Fsa2VkIGludG8=	SGUgd2Fsa2VkIGludG8gYXNsZSByb2RzIHJhbnAgYWF5dOKAlCBlc3R0IHlzaHJpIGlsbXx1YSA=
4400	VGhlIA==	VGhlICBhc2xmIHJwZHMgcmFvciBhYXl04oCUIGVzdOepuiB5dGlyaSBpbGzpgZN1YSA=
4400	T25jZSB1cG9uIGEgdGltZQ==	T25jZSB1cG9uIGEgdGltZSBhc2xmIHJwZHMgcmFvcCBhYXl04oCUIGVzdHQgeXNpcmkgbG5vfHXOrCA=
4400	SGUgd2Fsa2VkIGludG8=	SGUgd2Fsa2VkIGludG8gYXNtZiBycGRzIHJhb3IsYWF5dOKAlCBlc3R0IHl0aXJpIGlsbnx1YSA=
4600	VGhlIA==	VGhlICBhc2xlIHJvZHMgcmFvcCBhYXl04oCUIGVzdHQgeXRocmkgaWxs6K2YeizDoA==
4600	T25jZSB1cG9uIGEgdGltZQ==	T25jZSB1cG9uIGEgdGltZSBhcmxmIHJvZHMgcmFubyBhQXl04oCUIGVzdHQgeXNpcmkgaWzhvIB8dc66IA==
4600	SGUgd2Fsa2VkIGludG8=	SGUgd2Fsa2VkIGludG8gYXNsZSByb2RzIHJhbnAgYWF5dOKAlCBlc3R0IHlzaXJpIGlsbuKAmXdhIA==
4800	VGhlIA==	VGhlICBhc2xlIHJvZHMgcmFvbyBhYXl04oCUIGVzdHQgeXRocmkgaWxsfHVhIA==
4800	T25jZSB1cG9uIGEgdGltZQ==	T25jZSB1cG9uIGEgdGltZSBhc2xmIHJvZHMgcmFvbyBhP3l04oCUIGVzdHQgeXRpcmkgaWxtfHVhIA==
4800	SGUgd2Fsa2VkIGludG8=	SGUgd2Fsa2VkIGludG8gYXNsZSByb2RzIHJhbnAgYVl5dOKAlCBlc3R0IHl0aXJpIGlsbXx1YSA=
5000	VGhlIA==	VGhlICBhc2xlIHJwY3MgcmFvcCBhPnl04oCUIGVzdHQgeXRocmkgaWxsfHVhIA==
5000	T25jZSB1cG9uIGEgdGltZQ==	T25jZSB1cG9uIGEgdGltZSBhc2xlIHJwY3MgcmFvcCBhLnl04oCUIGVzdHQgeXRocmkgaWxsfHVhIA==
5000	SGUgd2Fsa2VkIGludG8=	SGUgd2Fsa2VkIGludG8gYXNsZSBycGNzIHI+b3AgYS55dOKAlCBlc3R0IHl0aHJpIGlsbHx1YSA=
5200	VGhlIA==	VGhlICBhcmxlIHBvY3MgcmFubyBhYXl04oCUIGVzdHQgeXRocmkgaWxsfHVhIA==
5200	T25jZSB1cG9uIGEgdGltZQ==	T25jZSB1cG9uIGEgdGltZSBhcmxlIHJvZHMgcmFubyBhPHl04oCUIGVzdHQgeXNocmkgaWxsfHVhIA==
5200	SGUgd2Fsa2VkIGludG8=	SGUgd2Fsa2VkIGludG8gYXJsZSByb2RzIHJBbm8gYTx5dOKAlCBlc3R0IHlzaHJpIGlsbHx1YSA=
5400	VGhlIA==	VGhlICBhc2xmIHJvZHMgcmFvcCBhYXl04oCUIGVzdHQgeXRocmkgaWxsfHVhIA==
5400	T25jZSB1cG9uIGEgdGltZQ==	T25jZSB1cG9uIGEgdGltZSBhc2xmIHJwZHMgcmFvbyBhPHl04oCUIGVzdHQgeXRpcmkgaWxtfHVhIA==
5400	SGUgd2Fsa2VkIGludG8=	SGUgd2Fsa2VkIGludG8gYXNsZSByb2RzIHJUbnAgYT55dOKAlCBlc3R0IHl0aXJpIGlsbXx1YSA=
5600	VGhlIA==	VGhlICBhc2xmIHJvZHMgcmFvcCBhYXl04oCUIGVzdHQgeXRocmkga2xtfHVhIA==
5600	T25jZSB1cG9uIGEgdGltZQ==	T25jZSB1cG9uIGEgdGltZSBhc2xmIHJvZHMgcmFvbyBhPnl04oCUIGVzdHQgeXRpcmkgaWxufHVhIA==
5600	SGUgd2Fsa2VkIGludG8=	SGUgd2Fsa2VkIGludG8gYXNsZSByb2RzIHJhbnAgYT55dOKAlCBlc3R0IHl0aXJpIGlsbXx1YSA=
5800	VGhlIA==	VGhlICBhc2xmIHJvZHMgcmFvcCBhYXl04oCUIGVzdHQgeXRocmkgaWxtfHVhIA==
5800	T25jZSB1cG9uIGEgdGltZQ==	T25jZSB1cG9uIGEgdGltZSBhcmxmIHJvZHMgcmFvbyBhPnl04oCUIGVzdHQgeXNpcmkgaWxufHVhIA==
5800	SGUgd2Fsa2VkIGludG8=	SGUgd2Fsa2VkIGludG8gYXNsZSByb2RzIHJhbnAgYUl5dOKAlCBlc3R0IHl0aXJpIGlsbXx1YSA=
6000	VGhlIA==	VGhlICBhc2xlIHJvZHMgcmFvcCBhYXl04oCUIGVzdHQgeXRocmkgaWxtfHVhIA==
6000	T25jZSB1cG9uIGEgdGltZQ==	T25jZSB1cG9uIGEgdGltZSBhc2xmIHJvZHMgcmFvbyBhP3l04oCUIGVzdHQgeXNpcmkgaWxufHVhIA==
6000	SGUgd2Fsa2VkIGludG8=	SGUgd2Fsa2VkIGludG8gYXNsZSByb2RzIHJhbnAgYUF5dOKAlCBlc3R0IHlzaXJpIGlsbXx1YSA=
6200	VGhlIA==	VGhlICBhc21mIHJwZHMgcmFvcCBhYXl04oCUIGVzdHQgeXRocmkgbGxtfHVhIA==
6200	T25jZSB1cG9uIGEgdGltZQ==	T25jZSB1cG9uIGEgdGltZSBhc2xmIHJwZHMgcmFvcCBhPHl04oCUIGVzdHQgeXNpcmkgbG1ufHVhIA==
6200	SGUgd2Fsa2VkIGludG8=	SGUgd2Fsa2VkIGludG8gYXNtZSBycGRzIHJhb3IgYT55dOKAlCBlc3R0IHl0aXJpIGlsbnx1YSA=
6400	VGhlIA==	VGhlICBhc2xlIHJvZHMgcmFvbyBhYXl04oCUIGVzdHQgeXRocmkgaWxsfHVhIA==
6400	T25jZSB1cG9uIGEgdGltZQ==	T25jZSB1cG9uIGEgdGltZSBhc2xmIHJvZHMgcmFvbyBhO3l04oCUIGVzdHQgeXNpcmkgbGxtfHVhIA==
6400	SGUgd2Fsa2VkIGludG8=	SGUgd2Fsa2VkIGludG8gYXNsZSByb2RzIHJhbnAgYT55dOKAlCBlc3R0IHlzaXJpIGlsbnx1YSA=
6600	VGhlIA==	VGhlICBhc2xmIHJvZHMgcmFvbyBhYXl04oCUIGVzdHQgeXRocmkgaWxsfHVhIA==
6600	T25jZSB1cG9uIGEgdGltZQ==	T25jZSB1cG9uIGEgdGltZSBhc2xmIHBvZHMgcmFvbyBhPnl04oCUIGVzdHQgeXRpcmkgaWxtfHVhIA==
6600	SGUgd2Fsa2VkIGludG8=	SGUgd2Fsa2VkIGludG8gYXNsZSByb2RzIHJhbnAgYUF5dOKAlCBlc3R0IHl0aXJpIGlsbXx1YSA=
6800	VGhlIA==	VGhlICBhc2xlIHJwZHMgcmFvcCBhWXl04oCUIGVzdHQgeXRocmkgaWxsfHVhIA==
6800	T25jZSB1cG9uIGEgdGltZQ==	T25jZSB1cG9uIGEgdGltZSBhc2xlIHJvZHMgcmFvbyBhLnl04oCUIGVzdHQgeXRpcmkgaWxtfHVhIA==
6800	SGUgd2Fsa2VkIGludG8=	SGUgd2Fsa2VkIGludG8gYXNsZSBycGRzIHJJb3AgYS55dOKAlCBlc3R0IHl0aXJpIGlsbXx1YSA=
7000	VGhlIA==	VGhlICBhc2xlIHBvZHMgcmFubyBhYXl04oCUIGVzdHQgeXNocGkgaWxsfHVhIA==
7000	T25jZSB1cG9uIGEgdGltZQ==	T25jZSB1cG9uIGEgdGltZSBhcmxmIHBvZHMgcmFvbyBhSXl04oCUIGVzdHQgeXNpcmkga2xtfHVhIA==
7000	SGUgd2Fsa2VkIGludG8=	SGUgd2Fsa2VkIGludG8gYXNtZSByb2RzIHJhbnAsYWF5dOKAlCBlc3R0IHlzaXJpIGlsbXx1YSA=
7200	VGhlIA==	VGhlICBhc2xlIHBvZHMgcmFubyBhYXl04oCUIGVzdHQgeXNocGkgaWxsfHVhIA==
7200	T25jZSB1cG9uIGEgdGltZQ==	T25jZSB1cG9uIGEgdGltZSBhcmxlIHBvZHMgcmFvbyBhPHl0fCBlc3R0IHlzaXJpIGlsbXx1YSA=
7200	SGUgd2Fsa2VkIGludG8=	SGUgd2Fsa2VkIGludG8gYXJsZSByb2RzIHJJbm8gYTt5dOKAlCBlc3R0IHlzaXJpIGlsbXx1YSA=
7400	VGhlIA==	VGhlICBhc2xlIHJvZHMgcmFvbyBhYXl04oCUIGVzdHQgeXNocGkgaWxsfHVhIA==
7400	T25jZSB1cG9uIGEgdGltZQ==	T25jZSB1cG9uIGEgdGltZSBhc2xmIHJvZHMgcmFvbyBhP3l0fCBlc3R0IHlzaXJpIGtsbXx1YSA=
7400	SGUgd2Fsa2VkIGludG8=	SGUgd2Fsa2VkIGludG8gYXNtZSByb2RzIHJhbnAsYT55dOKAlCBlc3R0IHlzaXJpIGlsbXx1YSA=
7600	VGhlIA==	VGhlICBhc2xmIHBvZHMgcmFubyBhYXl04oCUIGVzdHQgeXNocGkgaWxtfHVhIA==
7600	T25jZSB1cG9uIGEgdGltZQ==	T25jZSB1cG9uIGEgdGltZSBhcmxmIHBvZHMgcmFvbyBhYXl0fCBlc3R0IHlzaXJpIGxsbXx1YSA=
7600	SGUgd2Fsa2VkIGludG8=	SGUgd2Fsa2VkIGludG8gYXJtZSByb2RzIHJhbm8sYWF5dOKAlCBlc3R0IHlzaXJpIGlsbXx1YSA=
7800	VGhlIA==	VGhlICBhc2xmIHBvZHMgcmFubyxhYXl04oCUIGVzdHQgeXNocGkgaWxsfHVhIA==
7800	T25jZSB1cG9uIGEgdGltZQ==	T25jZSB1cG9uIGEgdGltZSBhcmxmIHBvZHMgcmFvbyBhYXl0fCBlc3R0IHlzaXJpIGxsbXx1YSA=
7800	SGUgd2Fsa2VkIGludG8=	SGUgd2Fsa2VkIGludG8gYXJtZSByb2RzIHJhbm8uYWF5dHwgZXN0dCB5c2lyaSBpbG18dWEg
8000	VGhlIA==	VGhlICBhc21mIHBvZHMgcmFvbyxhYXl04oCUIGVzdHQgeXNocGkga2xtfHVhIA==
8000	T25jZSB1cG9uIGEgdGltZQ==	T25jZSB1cG9uIGEgdGltZSBhcm1mIHFvZHMgcmFvbyBhYXl04oCUIGVzdHQgeXNpcmkgbG1tfHVhIA==
8000	SGUgd2Fsa2VkIGludG8=	SGUgd2Fsa2VkIGludG8gYXJtZSByb2RzIHJhbnA8YWF5dHwgZXN0dCB5c2lyaSBpbG58dWEg
8200	VGhlIA==	VGhlICBhc21mIHBvZHMgcmFubyxhYXl04oCUIGVzdHQgeXNocGkgaWxtfHVhIA==
8200	T25jZSB1cG9uIGEgdGltZQ==	T25jZSB1cG9uIGEgdGltZSBhcm1mIHFvZHMgcmFvbyBhYXl0fCBlc3R0IHlzaXJpIGxtbXx1YSA=
8200	SGUgd2Fsa2VkIGludG8=	SGUgd2Fsa2VkIGludG8gYXJtZSByb2RzIHJhbnAuYWF5dHwgZXN0dCB5c2lyaSBpbG58dWEg
8400	VGhlIA==	VGhlICBhcmxmIHBvZHMgcmFubyBhYXl0fCBlc3R0IHlzaG9pIGlsbHx1YSA=
8400	T25jZSB1cG9uIGEgdGltZQ==	T25jZSB1cG9uIGEgdGltZSBhcm1mIHBvZHMgcmFvbyBhYXl0fCBlc3R0IHlzaXJpIGxtbXx1YSA=
8400	SGUgd2Fsa2VkIGludG8=	SGUgd2Fsa2VkIGludG8gYXJtZSByb2RzIHJhbm8sYWF5dHwgZXN0dCB5c2lyaSBpbG58dWEg
8600	VGhlIA==	VGhlICBhc2xmIHBvZHMgcmFubyBhYXl0fCBlc3R0IHlzaHBpIGlsbXx1YSA=
8600	T25jZSB1cG9uIGEgdGltZQ==	T25jZSB1cG9uIGEgdGltZSBhcm1mIHBvZHMgcmFvbyBhYXl0fCBlc3R0IHlzaXJpIGxtbXx1YSA=
8600	SGUgd2Fsa2VkIGludG8=	SGUgd2Fsa2VkIGludG8gYXJtZSByb2RzIHJhbnAuYWF5dHwgZXN0dCB5c2lyaSBpbG58dWEg
