200	VGhlIA==	VGhlICBzbWFtIHRoZSBjb21vZiBzIG1hYWJlIHM8fGVuZF9vZl90ZXh0fD4KPHx1c2VyfD4g
200	T25jZSB1cG9uIGEgdGltZQ==	T25jZSB1cG9uIGEgdGltZSBzbWFtIHRoZSBkb21vZiBzIG1lY2JlIGxpdCA8fGVuZF9vZl90ZXh0fD4KPHx1c2VyfD4g
200	SGUgd2Fsa2VkIGludG8=	SGUgd2Fsa2VkIGludG8gc2JlIG0gdGhlIGRiZSBvZiBlcm1lYWJlIHM8fGVuZF9vZl90ZXh0fD4KPHx1c2VyfD4g
400	VGhlIA==	VGhlICBpbGlJIHMgY20gcmVvYW5kIGFpcyBoYSBtIGdoaWkgcmlpIGN2PHx1c2VyfD4gb2Ygb2YgY2kgYW5kIGluaXMgc2lmc2lvbm9uaSA8fGFzc2lzdGFudHw+IGlh
400	T25jZSB1cG9uIGEgdGltZQ==	T25jZSB1cG9uIGEgdGltZSBpaXQgSSBlcmNtIHJlb2FuZCBhaXMgaHRoZSByZWdoaWkgcmlpIGN2PHx1c2VyfD4gb2YgdGhhdCBjaSBhbmQgaW5pcyBzaWZzaUkgb25pIDx8YXNzaXN0YW50fD4gaWE=
400	SGUgd2Fsa2VkIGludG8=	SGUgd2Fsa2VkIGludG8gaWxpLCBzIGNyZXJlbzx8dXNlcnw+IGFpcyBoYSBtIGdoaWkgb2YgaSBjdjx8dXNlcnw+IG9mIG9mIGNpIGFuZCBpbmlzIHNpZiwgSSBvbmkgPHxhc3Npc3RhbnR8PiBpYQ==
1000	VGhlIA==	VGhlICBpaXQgZW51YWEgYSBuPHx1c2VyfD4gIGlzIGdvbmEgZWdnaSBvZiBpICB0PHx1c2VyfD4gb2YgdGhhdCBhaSBhbmQgcyByZXMgZWluZW4sIGkgPHxhc3Npc3RhbnR8PiBnIA==
1000	T25jZSB1cG9uIGEgdGltZQ==	T25jZSB1cG9uIGEgdGltZSBpaXQgZW51YWEgYSBuPHx1c2VyfD4gIGlzIGdvbmEgZWdnaSBvZiBpICB0PHx1c2VyfD4gb2YgdGhhdCBhaSBhbmQg4oCZcmVzIGVpbmVuLCBpIDx8YXNzaXN0YW50fD4gZyA=
1000	SGUgd2Fsa2VkIGludG8=	SGUgd2Fsa2VkIGludG8gaWl0IGVudWFhIGEgbjx8dXNlcnw+ICBpcyBnb25hIGVnZ2kgb2YgaSAgdDx8dXNlcnw+IG9mIHRoYXQgYWkgYW5kIHMgcmVzIGVpbmVuLCBpIDx8YXNzaXN0YW50fD4gZyA=
600	VGhlIA==	VGhlICBpPHx1c2VyfD4gLCB1YmlzIHJlb2FuZCAgaW4gZ3RvIHJlZmdnaSB0aGF0IGkgYXU8fHVzZXJ8PiB0aGF0IDx8YXNzaXN0YW50fD4gYmkgPHxlbmRfb2ZfdGV4dHw+Cjx8dXNlcnw+IA==
600	T25jZSB1cG9uIGEgdGltZQ==	T25jZSB1cG9uIGEgdGltZSBpPHx1c2VyfD4gLCB2YmlzIHJlb2FuZCAgaW4gZ3RvIHJlZmdnaSB0aGF0IGkgYXQ8fHVzZXJ8PiB0aGF0IDx8YXNzaXN0YW50fD4gYmkgPHxlbmRfb2ZfdGV4dHw+Cjx8dXNlcnw+IA==
600	SGUgd2Fsa2VkIGludG8=	SGUgd2Fsa2VkIGludG8gaTx8dXNlcnw+ICwgdWJpcyByZW9hbmQgIGluIGd0byByZWZnZ2kgdGhhdCBpIGF0PHx1c2VyfD4gdGhhdCA8fGFzc2lzdGFudHw+IGJpIDx8ZW5kX29mX3RleHR8Pgo8fHVzZXJ8PiA=
800	VGhlIA==	VGhlICBsaW4gLCB5YXJlcmVwPHx1c2VyfD4gIGl0IGl0byByZWZpaWkgb2YgaSAgdjx8dXNlcnw+IG9mIHRoYXQgYmkgYW5kIGlucmVlbmUsICwgLCBpIDx8YXNzaXN0YW50fD4gaSA=
800	T25jZSB1cG9uIGEgdGltZQ==	T25jZSB1cG9uIGEgdGltZSBsaW4gLCB5YXJlcmVwPHx1c2VyfD4gIGl0IGl0byByZWZpaWkgb2YgaSAgdjx8dXNlcnw+IG9mIHRoYXQgYmkgYW5kIGluaXMgZW5lLCAsICwgaSA8fGFzc2lzdGFudHw+IGkg
800	SGUgd2Fsa2VkIGludG8=	SGUgd2Fsa2VkIGludG8gbGluICwgeWFyZXJlcDx8dXNlcnw+ICBpdCBpdG8gcmVmaWlpIG9mIGkgIHY8fHVzZXJ8PiBvZiB0aGF0IGJpIGFuZCBpbnJlZW5lLCAsICwgaSA8fGFzc2lzdGFudHw+IGkg
1200	VGhlIA==	VGhlICBpaW4gLCB5YXJlcmVvPHx1c2VyfD4gIGl0IGd0byByZWZpZ2kgb2YgaSAgdjx8dXNlcnw+IG9mIHRoYXQgYmkgPHxlbmRfb2ZfdGV4dHw+Cjx8dXNlcnw+IA==
1200	T25jZSB1cG9uIGEgdGltZQ==	T25jZSB1cG9uIGEgdGltZSBpaW4gLCB5YXJlcmVvPHx1c2VyfD4gIGl0IGd0byByZWZpZ2kgb2YgaSAgdjx8dXNlcnw+IG9mIHRoYXQgYmkgPHxlbmRfb2ZfdGV4dHw+Cjx8dXNlcnw+IA==
1200	SGUgd2Fsa2VkIGludG8=	SGUgd2Fsa2VkIGludG8gaWluICwgeWFyZWEgbzx8dXNlcnw+ICBpdCBndG8gcmVmaWdpIG9mIGkgIHY8fHVzZXJ8PiBvZiB0aGF0IGJpIDx8ZW5kX29mX3RleHR8Pgo8fHVzZXJ8PiA=
1400	VGhlIA==	VGhlICBpaXQgLCB2YWEgYSBuPHx1c2VyfD4gIGlzIGd0aGUgYSBlZ2dpIG9mIGkgIHU8fHVzZXJ8PiBvZiB0aGF0IGJpIDx8ZW5kX29mX3RleHR8Pgo8fHVzZXJ8PiA=
1400	T25jZSB1cG9uIGEgdGltZQ==	T25jZSB1cG9uIGEgdGltZSBpaXQgLCB2YWEgYSBuPHx1c2VyfD4gIGlzIGd0aGUgYSBlZ2dpIG9mIGkgIHU8fHVzZXJ8PiBvZiB0aGF0IGJpIDx8ZW5kX29mX3RleHR8Pgo8fHVzZXJ8PiA=
1400	SGUgd2Fsa2VkIGludG8=	SGUgd2Fsa2VkIGludG8gaWl0ICwgdmFhIGEgbjx8dXNlcnw+ICBpcyBndGhlIGEgZWdnaSBvZiBpICB1PHx1c2VyfD4gb2YgdGhhdCBhaSBhbmQgcyByZWluZWluLCAsIGkgPHxhc3Npc3RhbnR8PiBnIA==
