1000	VGhlIA==	VGhlIGEsIHRoYXQgdG8gYW5kIGZpbiBpbiB0aGUgb3IgY3RoYXQgcyBpbmcgaW4gZSBzIHMgZm9yIEkgZm9yIGRhbmQgdGhhdCBJIEkgZ2ZvciDigJlzIGlzIGluIGlzIOKAlGlzIHRvIGEgd2l0aCBhcyBzIGM=
1000	T25jZSB1cG9uIGEgdGltZQ==	T25jZSB1cG9uIGEgdGltZWFpbnRoYXQgdG8gYW5kIGZkZWluIHRoZSBvciBjdGhhdCBzIGluZyBpbiBlIHMgcyBmb3IgOyBmb3IgZGFuZCB0aGF0IEkgaXQgZ2ZvciDigJlzIGlzIGluIGlzIOKAlGlzIHRvIHRvIHdpdGggYXMgcyBj
1000	SGUgd2Fsa2VkIGludG8=	SGUgd2Fsa2VkIGludG9haW50aGF0IHRvIGFuZCBmZGVpbiB0aGUgb3IgY3RoYXQgcyBpbmcgaW4gZSBzIHMgZm9yIEkgd2l0aCBkYW5kIHRoYXQgSSBJIGd3aXRoIOKAmXMgaXMgaW4gaXMg4oCUaXMgdG8gYSBmb3IgYXMgcyBj
1200	VGhlIA==	VGhlIGMsIHRoYXQgYSBvZiBpZGVpbiB0aGUgbm90IGV0aGF0IHQgZWQgaW4gcyB0IHQgd2l0aCBJIHdpdGggZGFuZCBvciBJIGl0IGl3aXRoIGUsIHRvIGRldG8gcyB0byBhIGEgd2l0aCBtdXN0IGluZA==
200	VGhlIA==	VGhlIGNzIHRoYXQgdG8gb2YgbmVsaW4gdGhlIG9yIGllbGUgYXRpbiDigJRzIHMgb2YgdGhlIHMsIG9mIHRoZSBpYW5kIHRoYXQgcywgcywgcG9mIHRoZSDigJlzIGlzIGluIGlzIHZ0byB0byBhIG9mIHRoZSBmb3IgcyBp
200	T25jZSB1cG9uIGEgdGltZQ==	T25jZSB1cG9uIGEgdGltZWVpbnRoYXQgdG8gYW5kIG1pbiBpbiB0aGUgb3IgaWVscyBlcyBpbiDigJRzIHMgb2YgdGhlIHMsIG9mIHRoZSBtYW5kIHRoYXQgcywgcywgbm9mIHRoZSDigJlzIGlzIGluIHRvIHl0byBhIGEgb2YgdGhlIGZvciBpbmc=
200	SGUgd2Fsa2VkIGludG8=	SGUgd2Fsa2VkIGludG9jaW50aGF0IHRvIGFuZCBuaW4gaW4gdGhlIHRoYXQgaWVsZSBlZCBpbiDigJRzIHMgb2YgdGhlIEkgb2YgdGhlIGlhbmQgdGhhdCBzLCBzLCBub2YgdGhlIOKAmXMgaXMgaW4gdG8gdnRvIGEgYSBvZiB0aGUgZm9yIGluZw==
400	VGhlIA==	VGhlIGEsIGRldG8gYW5kIGdlZCBlZCB0aGUgdGhhdCBkaW4gaW5pbmcgZWQgcyBpbmluZm9yIHVuZm9yIGRhbmQgdGhhdCB1bkkgZ2ZvciDigJlzIG9mIGluIGlzIOKAlGlzIHRvIHRvIGZvciBhcyBpbmM=
400	T25jZSB1cG9uIGEgdGltZQ==	T25jZSB1cG9uIGEgdGltZWEsIGluIHRvIGFuZCBlZWQgZWQgdGhlIHRoYXQgZGluIGluaW5nIGVkIHMgaW5pbmZvciB1bmZvciBkYW5kIHRoYXQgdW5JIGdmb3Ig4oCZcyBpcyBpbiBpcyDigJRpcyB0byB0byBmb3IgYXMgaW5j
600	VGhlIA==	VGhlIGF0aGUgb3IgYSBvZiBtdGhhdCBpbiBlbuKAmXMgZG9yICwgZWQgaW4gcyAsICwgd2l0aCBpdCB3aXRoIGVvZiBub3QgaXQgaXQgbXMgb2YgOyBpcyB0aGF0IHRvIHMgdG8gYSBhIHdpdGggZm9yICwgYw==
600	T25jZSB1cG9uIGEgdGltZQ==	T25jZSB1cG9uIGEgdGltZWF0aGUgb3IgYSBvZiBwdGhhdCBpbiBlbuKAmXMgZG9yICwgZWQgaW4gcyAsICwgd2l0aCBpdCB3aXRoIGVvZiBub3Qgb3VyIHMsIGlzIG9mIDsgdG8gdGhhdCB0byBzIGEgYSBhIHdpdGggZm9yICwgYw==
600	SGUgd2Fsa2VkIGludG8=	SGUgd2Fsa2VkIGludG9hLCBvciBhIG9mIHB0aGF0IGluIGVu4oCZcyBkb3IgLCBlZCBpbiBzICwgaW5zIG9mIG91ciB3aXRoIGVvZiBub3Qgb3VyIGl0IG1zIG9mIDsgaXMgdGhhdCB0byBzIGEgYSBhIHdpdGggZm9yICwgYw==
800	VGhlIA==	VGhlIGEsIG9yIGEgb2YgcGRlaW4gZW5vciBkdGhhdCBpbmVkIGluIHMgaW5pbmZvciBvdXIgZm9yIGRhbmQgb3Igb3VyIGl0IHBmb3IgdW5pcyB0aGF0IHRvIOKAlHRvIHRvIGEgZm9yIG11c3QgLCBj
800	T25jZSB1cG9uIGEgdGltZQ==	T25jZSB1cG9uIGEgdGltZWEsIG9yIGEgb2YgaWRlZGVlbm9yIGV0aGF0IGluZWQgaW4gcyBpbmluZm9yIG91ciBmb3IgZWFuZCBvciBvdXIgaXQgcGZvciB1bmlzIHRoYXQgdG8g4oCUdG8gYSBhIGZvciBtdXN0ICwgYw==
800	SGUgd2Fsa2VkIGludG8=	SGUgd2Fsa2VkIGludG9hLCBvciBhIG9mIG1kZWluIGVub3IgZHRoYXQgaW5lZCBpbiBzIGluaW5mb3Igb3VyIGZvciBkYW5kIG9yIG91ciBpdCBtZm9yIHVuaXMgdGhhdCB0byDigJR0byBhIGEgZm9yIG11c3QgLCBj
1200	T25jZSB1cG9uIGEgdGltZQ==	T25jZSB1cG9uIGEgdGltZWMsIHRoYXQgYSBvZiBpZGVpbiB0aGUgbm90IGV0aGF0IHQgZWQgaW4gcyB0IHQgd2l0aCBJIHdpdGggZW9mIG9yIEkgaXQgaXdpdGggZSwgdG8gZGV0byDigJR0byBhIGEgd2l0aCBtdXN0IGluZA==
1200	SGUgd2Fsa2VkIGludG8=	SGUgd2Fsa2VkIGludG9jLCB0aGF0IGEgb2YgaWRlaW4gdGhlIG5vdCBkdGhhdCB0IGVkIGluIHMgdCB0IHdpdGggSSB3aXRoIGVhbmQgb3IgSSBpdCBpd2l0aCBlLCB0byBkZXRvIHMgdG8gYSBhIHdpdGggbXVzdCBpbmQ=
400	SGUgd2Fsa2VkIGludG8=	SGUgd2Fsa2VkIGludG9hLCBkZXRvIGFuZCBlZWQgZWQgdGhlIHRoYXQgZGluIGluaW5nIGVkIHMgaW5pbmZvciB1bmZvciBkYW5kIHRoYXQgdW5JIGdmb3Ig4oCZcyBpcyBpbiBpcyDigJRpcyB0byB0byBmb3IgYXMgaW5j
